{
	"info": {
		"_postman_id": "f50376dc-f4cc-4ed9-a36d-8534d4d6e5b1",
		"name": "Books",
		"description": "Books API REST collection",
		"schema": "https://schema.getpostman.com/json/collection/v2.1.0/collection.json"
	},
	"item": [
		{
			"name": "GET Books",
			"request": {
				"method": "GET",
				"header": [],
				"url": {
					"raw": "http://localhost:8080/api/v1/books/",
					"protocol": "http",
					"host": [
						"localhost"
					],
					"port": "8080",
					"path": [
						"api",
						"v1",
						"books",
						""
					]
				}
			},
			"response": []
		},
		{
			"name": "GET Book Details",
			"request": {
				"method": "GET",
				"header": [],
				"url": {
					"raw": "http://localhost:8080/api/v1/books/1",
					"protocol": "http",
					"host": [
						"localhost"
					],
					"port": "8080",
					"path": [
						"api",
						"v1",
						"books",
						"1"
					]
				}
			},
			"response": []
		},
		{
			"name": "POST Book",
			"request": {
				"method": "POST",
				"header": [],
				"body": {
					"mode": "raw",
					"raw": "{\n    \"title\": \"Book 3 title\",\n    \"summary\": \"Book 3 summary\",\n    \"author\": \"Book 3 author\",\n    \"publisher\": \"Book 3 publisher\",\n    \"publicationYear\": 2018\n}",
					"options": {
						"raw": {
							"language": "json"
						}
					}
				},
				"url": {
					"raw": "http://localhost:8080/api/v1/books/",
					"protocol": "http",
					"host": [
						"localhost"
					],
					"port": "8080",
					"path": [
						"api",
						"v1",
						"books",
						""
					]
				}
			},
			"response": []
		},
		{
			"name": "POST Comment",
			"request": {
				"method": "POST",
				"header": [],
				"body": {
					"mode": "raw",
					"raw": "{\n    \"user\": \"User 1\",\n    \"comment\": \"Book 1 comment 1\",\n    \"score\": 3.0\n}",
					"options": {
						"raw": {
							"language": "json"
						}
					}
				},
				"url": {
					"raw": "http://localhost:8080/api/v1/books/0/comments/",
					"protocol": "http",
					"host": [
						"localhost"
					],
					"port": "8080",
					"path": [
						"api",
						"v1",
						"books",
						"0",
						"comments",
						""
					]
				}
			},
			"response": []
		},
		{
			"name": "DELETE Comment",
			"request": {
				"method": "DELETE",
				"header": [],
				"url": {
					"raw": "http://localhost:8080/api/v1/books/1/comments/1",
					"protocol": "http",
					"host": [
						"localhost"
					],
					"port": "8080",
					"path": [
						"api",
						"v1",
						"books",
						"1",
						"comments",
						"1"
					]
				}
			},
			"response": []
		}
	],
	"protocolProfileBehavior": {}
}