{
	"info": {
		"_postman_id": "1cd5ea75-2d7a-4d4c-bcde-72ebe62a5d6e",
		"name": "Books-Practica1",
		"schema": "https://schema.getpostman.com/json/collection/v2.1.0/collection.json"
	},
	"item": [
		{
			"name": "GET books",
			"request": {
				"method": "GET",
				"header": [],
				"url": {
					"raw": "{{baseUrl}}/{{booksPath}}",
					"host": [
						"{{baseUrl}}"
					],
					"path": [
						"{{booksPath}}"
					]
				},
				"description": "Get all books"
			},
			"response": []
		},
		{
			"name": "GET book",
			"request": {
				"method": "GET",
				"header": [],
				"url": {
					"raw": "{{baseUrl}}/{{booksPath}}/1",
					"host": [
						"{{baseUrl}}"
					],
					"path": [
						"{{booksPath}}",
						"1"
					]
				},
				"description": "Get a book by its id"
			},
			"response": []
		},
		{
			"name": "POST book",
			"request": {
				"method": "POST",
				"header": [],
				"body": {
					"mode": "raw",
					"raw": "{\r\n    \"title\": \"Ángeles y demonios\",\r\n    \"summary\": \"Ángeles y demonios es una novela de intriga y suspenso, escrita por Dan Brown y publicada en 2000.\",\r\n    \"author\": \"Dan Brown\",\r\n    \"publisher\": \"Planeta\",\r\n    \"postYear\": 2000\r\n}",
					"options": {
						"raw": {
							"language": "json"
						}
					}
				},
				"url": {
					"raw": "{{baseUrl}}/{{booksPath}}",
					"host": [
						"{{baseUrl}}"
					],
					"path": [
						"{{booksPath}}"
					]
				},
				"description": "Create a book"
			},
			"response": []
		},
		{
			"name": "POST comment",
			"request": {
				"method": "POST",
				"header": [],
				"body": {
					"mode": "raw",
					"raw": "{\r\n    \"nick\": \"PRUEBA\",\r\n    \"text\": \"Prueba post comment\",\r\n    \"score\": \"5\"\r\n}",
					"options": {
						"raw": {
							"language": "json"
						}
					}
				},
				"url": {
					"raw": "{{baseUrl}}/{{booksPath}}/6/{{commentsPath}}",
					"host": [
						"{{baseUrl}}"
					],
					"path": [
						"{{booksPath}}",
						"6",
						"{{commentsPath}}"
					]
				},
				"description": "Create a comment"
			},
			"response": []
		},
		{
			"name": "DELETE comment",
			"request": {
				"method": "DELETE",
				"header": [],
				"url": {
					"raw": "{{baseUrl}}/{{booksPath}}/6/{{commentsPath}}/15",
					"host": [
						"{{baseUrl}}"
					],
					"path": [
						"{{booksPath}}",
						"6",
						"{{commentsPath}}",
						"15"
					]
				},
				"description": "Delete a comment"
			},
			"response": []
		},
		{
			"name": "GET user by Nick",
			"request": {
				"method": "GET",
				"header": [
					{
						"key": "bookId",
						"value": "1",
						"type": "text"
					}
				],
				"url": {
					"raw": "{{baseUrl}}/{{usersPath}}/PRUEBA",
					"host": [
						"{{baseUrl}}"
					],
					"path": [
						"{{usersPath}}",
						"PRUEBA"
					]
				},
				"description": "Get a user by its nick"
			},
			"response": []
		},
		{
			"name": "GET comments from user",
			"request": {
				"method": "GET",
				"header": [
					{
						"key": "bookId",
						"type": "text",
						"value": "1"
					}
				],
				"url": {
					"raw": "{{baseUrl}}/{{usersPath}}/14/{{commentsPath}}",
					"host": [
						"{{baseUrl}}"
					],
					"path": [
						"{{usersPath}}",
						"14",
						"{{commentsPath}}"
					]
				},
				"description": "Get all the comments posted by the user"
			},
			"response": []
		},
		{
			"name": "POST user",
			"request": {
				"method": "POST",
				"header": [
					{
						"key": "bookId",
						"type": "text",
						"value": "1"
					}
				],
				"body": {
					"mode": "raw",
					"raw": "{\r\n    \"nick\": \"PRUEBA\",\r\n    \"email\": \"prueba_post@urjc.es\"\r\n}",
					"options": {
						"raw": {
							"language": "json"
						}
					}
				},
				"url": {
					"raw": "{{baseUrl}}/{{usersPath}}",
					"host": [
						"{{baseUrl}}"
					],
					"path": [
						"{{usersPath}}"
					]
				},
				"description": "Create a user"
			},
			"response": []
		},
		{
			"name": "PATCH user",
			"request": {
				"method": "PATCH",
				"header": [
					{
						"key": "bookId",
						"type": "text",
						"value": "1"
					}
				],
				"body": {
					"mode": "raw",
					"raw": "{\r\n    \"email\": \"prueba_patch@urjc.es\"\r\n}",
					"options": {
						"raw": {
							"language": "json"
						}
					}
				},
				"url": {
					"raw": "{{baseUrl}}/{{usersPath}}/3",
					"host": [
						"{{baseUrl}}"
					],
					"path": [
						"{{usersPath}}",
						"3"
					]
				},
				"description": "Update the email of the user"
			},
			"response": []
		},
		{
			"name": "DELETE user",
			"request": {
				"method": "DELETE",
				"header": [],
				"url": {
					"raw": "{{baseUrl}}/{{usersPath}}/14",
					"host": [
						"{{baseUrl}}"
					],
					"path": [
						"{{usersPath}}",
						"14"
					]
				},
				"description": "Delete a user"
			},
			"response": []
		}
	],
	"protocolProfileBehavior": {}
}