{
	"id": "5118a4e5-b072-4a80-aaf1-8944f96737ad",
	"name": "Java",
	"values": [
		{
			"key": "port",
			"value": "8080",
			"enabled": true
		},
		{
			"key": "baseUrl",
			"value": "localhost:{{port}}",
			"enabled": true
		},
		{
			"key": "commentsPath",
			"value": "comments",
			"enabled": true
		},
		{
			"key": "usersPath",
			"value": "users",
			"enabled": true
		},
		{
			"key": "booksPath",
			"value": "books",
			"enabled": true
		}
	],
	"_postman_variable_scope": "environment",
	"_postman_exported_at": "2020-12-15T10:04:59.920Z",
	"_postman_exported_using": "Postman/7.36.0"
}