{
	"id": "7d3fb838-b995-4aa3-a656-739510ca2a59",
	"name": "Node",
	"values": [
		{
			"key": "port",
			"value": "3000",
			"enabled": true
		},
		{
			"key": "baseUrl",
			"value": "localhost:{{port}}",
			"enabled": true
		},
		{
			"key": "commentsPath",
			"value": "comments",
			"enabled": true
		},
		{
			"key": "usersPath",
			"value": "users",
			"enabled": true
		},
		{
			"key": "booksPath",
			"value": "books",
			"enabled": true
		}
	],
	"_postman_variable_scope": "environment",
	"_postman_exported_at": "2020-12-15T10:04:54.071Z",
	"_postman_exported_using": "Postman/7.36.0"
}