{
	"info": {
		"_postman_id": "8e446d0d-6c7e-4820-8cb1-e8531e200142",
		"name": "Arq Sw Pr 1 Node",
		"schema": "https://schema.getpostman.com/json/collection/v2.1.0/collection.json"
	},
	"item": [
		{
			"name": "Create product",
			"request": {
				"method": "POST",
				"header": [
					{
						"key": "Content-Type",
						"value": "application/json",
						"type": "text"
					}
				],
				"body": {
					"mode": "raw",
					"raw": "{\n    \"name\": \"pr1\",\n    \"description\": \"A desc for pr1\",\n    \"price\": 2.5\n}"
				},
				"url": {
					"raw": "http://localhost:5555/?",
					"protocol": "http",
					"host": [
						"localhost"
					],
					"port": "5555",
					"path": [
						""
					],
					"query": [
						{
							"key": "",
							"value": null
						}
					]
				}
			},
			"response": []
		},
		{
			"name": "Create shopping cart",
			"request": {
				"method": "POST",
				"header": [],
				"url": {
					"raw": "http://localhost:5555/api/shoppingcart",
					"protocol": "http",
					"host": [
						"localhost"
					],
					"port": "5555",
					"path": [
						"api",
						"shoppingcart"
					]
				}
			},
			"response": []
		},
		{
			"name": "Products",
			"request": {
				"method": "GET",
				"header": [],
				"url": {
					"raw": "http://localhost:5555/api/product",
					"protocol": "http",
					"host": [
						"localhost"
					],
					"port": "5555",
					"path": [
						"api",
						"product"
					]
				}
			},
			"response": []
		}
	]
}