{
	"info": {
		"_postman_id": "7635f966-18a5-45c8-a11a-2eef4073017b",
		"name": "Books",
		"description": "Collection of requests for the Books API Rest",
		"schema": "https://schema.getpostman.com/json/collection/v2.1.0/collection.json"
	},
	"item": [
		{
			"name": "GET Books",
			"request": {
				"method": "GET",
				"header": [],
				"url": {
					"raw": "{{baseurl}}/books/",
					"host": [
						"{{baseurl}}"
					],
					"path": [
						"books",
						""
					]
				}
			},
			"response": []
		},
		{
			"name": "GET Book",
			"request": {
				"method": "GET",
				"header": [],
				"url": {
					"raw": "{{baseurl}}/books/0",
					"host": [
						"{{baseurl}}"
					],
					"path": [
						"books",
						"0"
					]
				},
				"description": "Get a book details"
			},
			"response": []
		},
		{
			"name": "GET non-existent Book",
			"request": {
				"method": "GET",
				"header": [],
				"url": {
					"raw": "{{baseurl}}/books/200",
					"host": [
						"{{baseurl}}"
					],
					"path": [
						"books",
						"200"
					]
				}
			},
			"response": []
		},
		{
			"name": "POST Book",
			"request": {
				"method": "POST",
				"header": [],
				"body": {
					"mode": "raw",
					"raw": "{\n    \"title\": \"Orgullo y Prejuicio\",\n    \"summary\": \"Novela costumbrista y romántica\",\n    \"author\": \"Jane Austen\",\n    \"publisher\": \"Thomas Egerton\",\n    \"year\": 1813\n}",
					"options": {
						"raw": {
							"language": "json"
						}
					}
				},
				"url": {
					"raw": "{{baseurl}}/books/",
					"host": [
						"{{baseurl}}"
					],
					"path": [
						"books",
						""
					]
				},
				"description": "Creating a book"
			},
			"response": []
		},
		{
			"name": "POST Comment",
			"request": {
				"method": "POST",
				"header": [],
				"body": {
					"mode": "raw",
					"raw": "{\n    \"text\": \"Una maravilla\",\n    \"author\": \"fan de Cervantes\",\n    \"score\": 5\n}",
					"options": {
						"raw": {
							"language": "json"
						}
					}
				},
				"url": {
					"raw": "{{baseurl}}/books/0/comments/",
					"host": [
						"{{baseurl}}"
					],
					"path": [
						"books",
						"0",
						"comments",
						""
					]
				}
			},
			"response": []
		},
		{
			"name": "DELETE Comment",
			"request": {
				"method": "DELETE",
				"header": [],
				"url": {
					"raw": "{{baseurl}}/books/0/comments/1",
					"host": [
						"{{baseurl}}"
					],
					"path": [
						"books",
						"0",
						"comments",
						"1"
					]
				}
			},
			"response": []
		}
	],
	"event": [
		{
			"listen": "prerequest",
			"script": {
				"id": "13aaf444-1331-46e4-bb24-9ff11fdddcc4",
				"type": "text/javascript",
				"exec": [
					""
				]
			}
		},
		{
			"listen": "test",
			"script": {
				"id": "e7c26cc3-d629-4bed-9610-4659c2d87143",
				"type": "text/javascript",
				"exec": [
					""
				]
			}
		}
	],
	"variable": [
		{
			"id": "13524924-8b1a-469c-93fb-e0d70eedf10d",
			"key": "baseurl",
			"value": "127.0.0.1:8080"
		}
	],
	"protocolProfileBehavior": {}
}