<?xml version="1.0" encoding="UTF-8"?>
<mappings xmlns="http://dozer.sourceforge.net"
          xmlns:xsi="http://www.w3.org/2001/XMLSchema-instance"
          xsi:schemaLocation="http://dozer.sourceforge.net
      http://dozer.sourceforge.net/schema/beanmapping.xsd">

    <mapping>
        <class-a>es.codeurjc.books.models.Comment</class-a>
        <class-b>es.codeurjc.books.dtos.responses.UserCommentResponseDto</class-b>

        <field>
            <a>book.id</a>
            <b>bookId</b>
        </field>
    </mapping>

</mappings>