{
	"info": {
		"_postman_id": "fbfe2c9a-6ff8-4f2f-8c7a-d8113488fe9c",
		"name": "Practica 2 - Books",
		"description": "API REST\r\ntendrá las siguientes operaciones:\r\n\r\n● Obtener un listado con el identificador y el título de cada uno de los libros (pero no el resto de la  información)\r\n● Obtener toda la información de un libro determinado (comentarios incluidos)\r\n● Crear un libro\r\n● Crear un comentario asociado al libro\r\n● Borrar un comentario",
		"schema": "https://schema.getpostman.com/json/collection/v2.1.0/collection.json"
	},
	"item": [
		{
			"name": "Get books",
			"request": {
				"method": "GET",
				"header": [],
				"url": {
					"raw": "{{base_url}}/books/",
					"host": [
						"{{base_url}}"
					],
					"path": [
						"books",
						""
					]
				},
				"description": "Obtener un listado con el identificador y el título de cada uno de los libros (pero no el\r\nresto de la información)"
			},
			"response": []
		},
		{
			"name": "Get book",
			"request": {
				"method": "GET",
				"header": [],
				"url": {
					"raw": "{{base_url}}/books/{{id_book}}",
					"host": [
						"{{base_url}}"
					],
					"path": [
						"books",
						"{{id_book}}"
					]
				},
				"description": "Obtener toda la información de un libro determinado (comentarios incluidos)"
			},
			"response": []
		},
		{
			"name": "Create a book",
			"request": {
				"method": "POST",
				"header": [],
				"body": {
					"mode": "raw",
					"raw": "{    \r\n    \"title\": \"Clean Code: A Handbook of Agile Software Craftsmanship\",\r\n    \"summary\": \"Even bad code can function. But if code isn’t clean, it can bring a development organization to its knees. Every year, countless hours and significant resources are lost because of poorly written code. But it doesn’t have to be that way. Noted software expert Robert C. Martin, presents a revolutionary paradigm with Clean Code: A Handbook of Agile Software Craftsmanship. Martin, who has helped bring agile principles from a practitioner’s point of view to tens of thousands of programmers, has teamed up with his colleagues from Object Mentor to distill their best agile practice of cleaning code “on the fly” into a book that will instill within you the values of software craftsman, and make you a better programmer―but only if you work at it. What kind of work will you be doing? You’ll be reading code―lots of code. And you will be challenged to think about what’s right about that code, and what’s wrong with it. More importantly you will be challenged to reassess your professional values and your commitment to your craft.   Clean Code is divided into three parts. The first describes the principles, patterns, and practices of writing clean code. The second part consists of several case studies of increasing complexity. Each case study is an exercise in cleaning up code―of transforming a code base that has some problems into one that is sound and efficient. The third part is the payoff: a single chapter containing a list of heuristics and “smells” gathered while creating the case studies. The result is a knowledge base that describes the way we think when we write, read, and clean code.   Readers will come away from this book understanding How to tell the difference between good and bad code How to write good code and how to transform bad code into good code How to create good names, good functions, good objects, and good classes How to format code for maximum readability How to implement complete error handling without obscuring code logic How to unit test and practice test-driven development What “smells” and heuristics can help you identify bad code This book is a must for any developer, software engineer, project manager, team lead, or systems analyst with an interest in producing better code.\",\r\n    \"author\": \"Robert C. Martin\",\r\n    \"editorial\": \"Prentice Hall\",\r\n    \"publishYear\": 2008\r\n}",
					"options": {
						"raw": {
							"language": "json"
						}
					}
				},
				"url": {
					"raw": "{{baseUrl}}/books/",
					"host": [
						"{{baseUrl}}"
					],
					"path": [
						"books",
						""
					]
				},
				"description": "Crear un libro"
			},
			"response": []
		},
		{
			"name": "Get Users",
			"request": {
				"method": "GET",
				"header": [],
				"url": {
					"raw": "{{baseUrl}}/users/",
					"host": [
						"{{baseUrl}}"
					],
					"path": [
						"users",
						""
					]
				},
				"description": "Consultar lista de usuarios"
			},
			"response": []
		},
		{
			"name": "Create a book comment",
			"request": {
				"method": "POST",
				"header": [],
				"body": {
					"mode": "raw",
					"raw": "{\r\n    \"user\": {                \r\n        \"nick\": \"pepe\"\r\n    },\r\n    \"publishtext\": \"Caperucita mola todo\",\r\n    \"punctuation\": 4\r\n}",
					"options": {
						"raw": {
							"language": "json"
						}
					}
				},
				"url": {
					"raw": "{{baseUrl}}/books/1/comments/",
					"host": [
						"{{baseUrl}}"
					],
					"path": [
						"books",
						"1",
						"comments",
						""
					]
				},
				"description": "Crear un comentario asociado al libro"
			},
			"response": []
		},
		{
			"name": "Delete a book comment",
			"request": {
				"method": "DELETE",
				"header": [],
				"url": {
					"raw": "{{baseUrl}}/books/1/comments/1",
					"host": [
						"{{baseUrl}}"
					],
					"path": [
						"books",
						"1",
						"comments",
						"1"
					]
				},
				"description": "Borrar un comentario"
			},
			"response": []
		},
		{
			"name": "Get User Comments",
			"request": {
				"method": "GET",
				"header": [],
				"url": {
					"raw": "{{baseUrl}}/users/1/comments",
					"host": [
						"{{baseUrl}}"
					],
					"path": [
						"users",
						"1",
						"comments"
					]
				},
				"description": "Consultar lista de usuarios"
			},
			"response": []
		},
		{
			"name": "Create User",
			"request": {
				"method": "POST",
				"header": [],
				"body": {
					"mode": "raw",
					"raw": "{\r\n    \"nick\": \"javier\",\r\n    \"mail\": \"javier44@urjc.es\"\r\n}",
					"options": {
						"raw": {
							"language": "json"
						}
					}
				},
				"url": {
					"raw": "{{baseUrl}}/users/",
					"host": [
						"{{baseUrl}}"
					],
					"path": [
						"users",
						""
					]
				},
				"description": "Creación de usuario"
			},
			"response": []
		},
		{
			"name": "Update User",
			"request": {
				"method": "PUT",
				"header": [],
				"body": {
					"mode": "raw",
					"raw": "    {\r\n        \"id\": 1,\r\n        \"nick\": \"javishico\",\r\n        \"mail\": \"javishico@meta4.com\"\r\n    }\r\n",
					"options": {
						"raw": {
							"language": "json"
						}
					}
				},
				"url": {
					"raw": "{{baseUrl}}/users/1",
					"host": [
						"{{baseUrl}}"
					],
					"path": [
						"users",
						"1"
					]
				},
				"description": "Consultar lista de usuarios"
			},
			"response": []
		},
		{
			"name": "Delete User",
			"request": {
				"method": "DELETE",
				"header": [],
				"body": {
					"mode": "raw",
					"raw": "{\r\n    \"id\": 2,\r\n    \"nick\": \"juaneb\",\r\n    \"mail\": \"juanebdsdsd1@meta4.com\"\r\n}",
					"options": {
						"raw": {
							"language": "json"
						}
					}
				},
				"url": {
					"raw": "{{baseUrl}}/users/3",
					"host": [
						"{{baseUrl}}"
					],
					"path": [
						"users",
						"3"
					]
				}
			},
			"response": []
		}
	],
	"protocolProfileBehavior": {}
}