{
	"info": {
		"_postman_id": "1cd5ea75-2d7a-4d4c-bcde-72ebe62a5d6e",
		"name": "Books-Practica1",
		"schema": "https://schema.getpostman.com/json/collection/v2.1.0/collection.json"
	},
	"item": [
		{
			"name": "GET books",
			"request": {
				"method": "GET",
				"header": [],
				"url": {
					"raw": "localhost:8080/books",
					"host": [
						"localhost"
					],
					"port": "8080",
					"path": [
						"books"
					]
				},
				"description": "Get all books"
			},
			"response": []
		},
		{
			"name": "GET book",
			"request": {
				"method": "GET",
				"header": [
					{
						"key": "bookId",
						"value": "1",
						"type": "text"
					}
				],
				"url": {
					"raw": "localhost:8080/books/1",
					"host": [
						"localhost"
					],
					"port": "8080",
					"path": [
						"books",
						"1"
					]
				},
				"description": "Get a book by its id"
			},
			"response": []
		},
		{
			"name": "POST book",
			"request": {
				"method": "POST",
				"header": [],
				"body": {
					"mode": "raw",
					"raw": "{\r\n    \"title\": \"Ángeles y demonios\",\r\n    \"summary\": \"Ángeles y demonios es una novela de intriga y suspenso, escrita por Dan Brown y publicada en 2000.\",\r\n    \"author\": \"Dan Brown\",\r\n    \"publisher\": \"Planeta\",\r\n    \"postYear\": 2000\r\n}",
					"options": {
						"raw": {
							"language": "json"
						}
					}
				},
				"url": {
					"raw": "localhost:8080/books",
					"host": [
						"localhost"
					],
					"port": "8080",
					"path": [
						"books"
					]
				},
				"description": "Create a book"
			},
			"response": []
		},
		{
			"name": "GET comment",
			"request": {
				"method": "GET",
				"header": [],
				"url": {
					"raw": "localhost:8080/books/0/comments/2",
					"host": [
						"localhost"
					],
					"port": "8080",
					"path": [
						"books",
						"0",
						"comments",
						"2"
					]
				},
				"description": "Get a comment by its id"
			},
			"response": []
		},
		{
			"name": "POST comment",
			"request": {
				"method": "POST",
				"header": [],
				"body": {
					"mode": "raw",
					"raw": "{\r\n    \"author\": \"Pepe\",\r\n    \"text\": \"Me ha encantado el libro, sin duda uno de mis preferidos.\",\r\n    \"score\": \"5\"\r\n}",
					"options": {
						"raw": {
							"language": "json"
						}
					}
				},
				"url": {
					"raw": "localhost:8080/books/1/comments",
					"host": [
						"localhost"
					],
					"port": "8080",
					"path": [
						"books",
						"1",
						"comments"
					]
				},
				"description": "Create a comment"
			},
			"response": []
		},
		{
			"name": "DELETE comment",
			"request": {
				"method": "DELETE",
				"header": [],
				"url": {
					"raw": "localhost:8080/books/0/comments/0",
					"host": [
						"localhost"
					],
					"port": "8080",
					"path": [
						"books",
						"0",
						"comments",
						"0"
					]
				},
				"description": "Delete a comment"
			},
			"response": []
		}
	],
	"protocolProfileBehavior": {}
}