{
  "name": "weatherservice",
  "version": "1.0.0",
  "lockfileVersion": 1,
  "requires": true,
  "dependencies": {
    "@grpc/proto-loader": {
      "version": "0.5.3",
      "resolved": "https://registry.npmjs.org/@grpc/proto-loader/-/proto-loader-0.5.3.tgz",
      "integrity": "sha512-8qvUtGg77G2ZT2HqdqYoM/OY97gQd/0crSG34xNmZ4ZOsv3aQT/FQV9QfZPazTGna6MIoyUd+u6AxsoZjJ/VMQ==",
      "requires": {
        "lodash.camelcase": "^4.3.0",
        "protobufjs": "^6.8.6"
      }
    },
    "@protobufjs/aspromise": {
      "version": "1.1.2",
      "resolved": "https://registry.npmjs.org/@protobufjs/aspromise/-/aspromise-1.1.2.tgz",
      "integrity": "sha1-m4sMxmPWaafY9vXQiToU00jzD78="
    },
    "@protobufjs/base64": {
      "version": "1.1.2",
      "resolved": "https://registry.npmjs.org/@protobufjs/base64/-/base64-1.1.2.tgz",
      "integrity": "sha512-AZkcAA5vnN/v4PDqKyMR5lx7hZttPDgClv83E//FMNhR2TMcLUhfRUBHCmSl0oi9zMgDDqRUJkSxO3wm85+XLg=="
    },
    "@protobufjs/codegen": {
      "version": "2.0.4",
      "resolved": "https://registry.npmjs.org/@protobufjs/codegen/-/codegen-2.0.4.tgz",
      "integrity": "sha512-YyFaikqM5sH0ziFZCN3xDC7zeGaB/d0IUb9CATugHWbd1FRFwWwt4ld4OYMPWu5a3Xe01mGAULCdqhMlPl29Jg=="
    },
    "@protobufjs/eventemitter": {
      "version": "1.1.0",
      "resolved": "https://registry.npmjs.org/@protobufjs/eventemitter/-/eventemitter-1.1.0.tgz",
      "integrity": "sha1-NVy8mLr61ZePntCV85diHx0Ga3A="
    },
    "@protobufjs/fetch": {
      "version": "1.1.0",
      "resolved": "https://registry.npmjs.org/@protobufjs/fetch/-/fetch-1.1.0.tgz",
      "integrity": "sha1-upn7WYYUr2VwDBYZ/wbUVLDYTEU=",
      "requires": {
        "@protobufjs/aspromise": "^1.1.1",
        "@protobufjs/inquire": "^1.1.0"
      }
    },
    "@protobufjs/float": {
      "version": "1.0.2",
      "resolved": "https://registry.npmjs.org/@protobufjs/float/-/float-1.0.2.tgz",
      "integrity": "sha1-Xp4avctz/Ap8uLKR33jIy9l7h9E="
    },
    "@protobufjs/inquire": {
      "version": "1.1.0",
      "resolved": "https://registry.npmjs.org/@protobufjs/inquire/-/inquire-1.1.0.tgz",
      "integrity": "sha1-/yAOPnzyQp4tyvwRQIKOjMY48Ik="
    },
    "@protobufjs/path": {
      "version": "1.1.2",
      "resolved": "https://registry.npmjs.org/@protobufjs/path/-/path-1.1.2.tgz",
      "integrity": "sha1-bMKyDFya1q0NzP0hynZz2Nf79o0="
    },
    "@protobufjs/pool": {
      "version": "1.1.0",
      "resolved": "https://registry.npmjs.org/@protobufjs/pool/-/pool-1.1.0.tgz",
      "integrity": "sha1-Cf0V8tbTq/qbZbw2ZQbWrXhG/1Q="
    },
    "@protobufjs/utf8": {
      "version": "1.1.0",
      "resolved": "https://registry.npmjs.org/@protobufjs/utf8/-/utf8-1.1.0.tgz",
      "integrity": "sha1-p3c2C1s5oaLlEG+OhY8v0tBgxXA="
    },
    "@types/bytebuffer": {
      "version": "5.0.42",
      "resolved": "https://registry.npmjs.org/@types/bytebuffer/-/bytebuffer-5.0.42.tgz",
      "integrity": "sha512-lEgKojWUAc/MG2t649oZS5AfYFP2xRNPoDuwDBlBMjHXd8MaGPgFgtCXUK7inZdBOygmVf10qxc1Us8GXC96aw==",
      "requires": {
        "@types/long": "*",
        "@types/node": "*"
      }
    },
    "@types/long": {
      "version": "4.0.1",
      "resolved": "https://registry.npmjs.org/@types/long/-/long-4.0.1.tgz",
      "integrity": "sha512-5tXH6Bx/kNGd3MgffdmP4dy2Z+G4eaXw0SE81Tq3BNadtnMR5/ySMzX4SLEzHJzSmPNn4HIdpQsBvXMUykr58w=="
    },
    "@types/node": {
      "version": "13.13.36",
      "resolved": "https://registry.npmjs.org/@types/node/-/node-13.13.36.tgz",
      "integrity": "sha512-ctzZJ+XsmHQwe3xp07gFUq4JxBaRSYzKHPgblR76//UanGST7vfFNF0+ty5eEbgTqsENopzoDK090xlha9dccQ=="
    },
    "abbrev": {
      "version": "1.1.1",
      "resolved": "https://registry.npmjs.org/abbrev/-/abbrev-1.1.1.tgz",
      "integrity": "sha512-nne9/IiQ/hzIhY6pdDnbBtz7DjPTKrY00P/zvPSm5pOFkl6xuGrGnXn/VtTNNfNtAfZ9/1RtehkszU9qcTii0Q=="
    },
    "ansi-regex": {
      "version": "2.1.1",
      "resolved": "https://registry.npmjs.org/ansi-regex/-/ansi-regex-2.1.1.tgz",
      "integrity": "sha1-w7M6te42DYbg5ijwRorn7yfWVN8="
    },
    "aproba": {
      "version": "1.2.0",
      "resolved": "https://registry.npmjs.org/aproba/-/aproba-1.2.0.tgz",
      "integrity": "sha512-Y9J6ZjXtoYh8RnXVCMOU/ttDmk1aBjunq9vO0ta5x85WDQiQfUF9sIPBITdbiiIVcBo03Hi3jMxigBtsddlXRw=="
    },
    "are-we-there-yet": {
      "version": "1.1.5",
      "resolved": "https://registry.npmjs.org/are-we-there-yet/-/are-we-there-yet-1.1.5.tgz",
      "integrity": "sha512-5hYdAkZlcG8tOLujVDTgCT+uPX0VnpAH28gWsLfzpXYm7wP6mp5Q/gYyR7YQ0cKVJcXJnl3j2kpBan13PtQf6w==",
      "requires": {
        "delegates": "^1.0.0",
        "readable-stream": "^2.0.6"
      }
    },
    "ascli": {
      "version": "1.0.1",
      "resolved": "https://registry.npmjs.org/ascli/-/ascli-1.0.1.tgz",
      "integrity": "sha1-vPpZdKYvGOgcq660lzKrSoj5Brw=",
      "requires": {
        "colour": "~0.7.1",
        "optjs": "~3.2.2"
      }
    },
    "balanced-match": {
      "version": "1.0.0",
      "resolved": "https://registry.npmjs.org/balanced-match/-/balanced-match-1.0.0.tgz",
      "integrity": "sha1-ibTRmasr7kneFk6gK4nORi1xt2c="
    },
    "brace-expansion": {
      "version": "1.1.11",
      "resolved": "https://registry.npmjs.org/brace-expansion/-/brace-expansion-1.1.11.tgz",
      "integrity": "sha512-iCuPHDFgrHX7H2vEI/5xpz07zSHB00TpugqhmYtVmMO6518mCuRMoOYFldEBl0g187ufozdaHgWKcYFb61qGiA==",
      "requires": {
        "balanced-match": "^1.0.0",
        "concat-map": "0.0.1"
      }
    },
    "bytebuffer": {
      "version": "5.0.1",
      "resolved": "https://registry.npmjs.org/bytebuffer/-/bytebuffer-5.0.1.tgz",
      "integrity": "sha1-WC7qSxqHO20CCkjVjfhfC7ps/d0=",
      "requires": {
        "long": "~3"
      },
      "dependencies": {
        "long": {
          "version": "3.2.0",
          "resolved": "https://registry.npmjs.org/long/-/long-3.2.0.tgz",
          "integrity": "sha1-2CG3E4yhy1gcFymQ7xTbIAtcR0s="
        }
      }
    },
    "camelcase": {
      "version": "2.1.1",
      "resolved": "https://registry.npmjs.org/camelcase/-/camelcase-2.1.1.tgz",
      "integrity": "sha1-fB0W1nmhu+WcoCys7PsBHiAfWh8="
    },
    "chownr": {
      "version": "1.1.4",
      "resolved": "https://registry.npmjs.org/chownr/-/chownr-1.1.4.tgz",
      "integrity": "sha512-jJ0bqzaylmJtVnNgzTeSOs8DPavpbYgEr/b0YL8/2GO3xJEhInFmhKMUnEJQjZumK7KXGFhUy89PrsJWlakBVg=="
    },
    "cliui": {
      "version": "3.2.0",
      "resolved": "https://registry.npmjs.org/cliui/-/cliui-3.2.0.tgz",
      "integrity": "sha1-EgYBU3qRbSmUD5NNo7SNWFo5IT0=",
      "requires": {
        "string-width": "^1.0.1",
        "strip-ansi": "^3.0.1",
        "wrap-ansi": "^2.0.0"
      }
    },
    "code-point-at": {
      "version": "1.1.0",
      "resolved": "https://registry.npmjs.org/code-point-at/-/code-point-at-1.1.0.tgz",
      "integrity": "sha1-DQcLTQQ6W+ozovGkDi7bPZpMz3c="
    },
    "colour": {
      "version": "0.7.1",
      "resolved": "https://registry.npmjs.org/colour/-/colour-0.7.1.tgz",
      "integrity": "sha1-nLFpkX7F0SwHNtPoaFdG3xyt93g="
    },
    "concat-map": {
      "version": "0.0.1",
      "resolved": "https://registry.npmjs.org/concat-map/-/concat-map-0.0.1.tgz",
      "integrity": "sha1-2Klr13/Wjfd5OnMDajug1UBdR3s="
    },
    "console-control-strings": {
      "version": "1.1.0",
      "resolved": "https://registry.npmjs.org/console-control-strings/-/console-control-strings-1.1.0.tgz",
      "integrity": "sha1-PXz0Rk22RG6mRL9LOVB/mFEAjo4="
    },
    "core-util-is": {
      "version": "1.0.2",
      "resolved": "https://registry.npmjs.org/core-util-is/-/core-util-is-1.0.2.tgz",
      "integrity": "sha1-tf1UIgqivFq1eqtxQMlAdUUDwac="
    },
    "debug": {
      "version": "3.2.7",
      "resolved": "https://registry.npmjs.org/debug/-/debug-3.2.7.tgz",
      "integrity": "sha512-CFjzYYAi4ThfiQvizrFQevTTXHtnCqWfe7x1AhgEscTz6ZbLbfoLRLPugTQyBth6f8ZERVUSyWHFD/7Wu4t1XQ==",
      "requires": {
        "ms": "^2.1.1"
      }
    },
    "decamelize": {
      "version": "1.2.0",
      "resolved": "https://registry.npmjs.org/decamelize/-/decamelize-1.2.0.tgz",
      "integrity": "sha1-9lNNFRSCabIDUue+4m9QH5oZEpA="
    },
    "deep-extend": {
      "version": "0.6.0",
      "resolved": "https://registry.npmjs.org/deep-extend/-/deep-extend-0.6.0.tgz",
      "integrity": "sha512-LOHxIOaPYdHlJRtCQfDIVZtfw/ufM8+rVj649RIHzcm/vGwQRXFt6OPqIFWsm2XEMrNIEtWR64sY1LEKD2vAOA=="
    },
    "delegates": {
      "version": "1.0.0",
      "resolved": "https://registry.npmjs.org/delegates/-/delegates-1.0.0.tgz",
      "integrity": "sha1-hMbhWbgZBP3KWaDvRM2HDTElD5o="
    },
    "detect-libc": {
      "version": "1.0.3",
      "resolved": "https://registry.npmjs.org/detect-libc/-/detect-libc-1.0.3.tgz",
      "integrity": "sha1-+hN8S9aY7fVc1c0CrFWfkaTEups="
    },
    "fs-minipass": {
      "version": "1.2.7",
      "resolved": "https://registry.npmjs.org/fs-minipass/-/fs-minipass-1.2.7.tgz",
      "integrity": "sha512-GWSSJGFy4e9GUeCcbIkED+bgAoFyj7XF1mV8rma3QW4NIqX9Kyx79N/PF61H5udOV3aY1IaMLs6pGbH71nlCTA==",
      "requires": {
        "minipass": "^2.6.0"
      }
    },
    "fs.realpath": {
      "version": "1.0.0",
      "resolved": "https://registry.npmjs.org/fs.realpath/-/fs.realpath-1.0.0.tgz",
      "integrity": "sha1-FQStJSMVjKpA20onh8sBQRmU6k8="
    },
    "gauge": {
      "version": "2.7.4",
      "resolved": "https://registry.npmjs.org/gauge/-/gauge-2.7.4.tgz",
      "integrity": "sha1-LANAXHU4w51+s3sxcCLjJfsBi/c=",
      "requires": {
        "aproba": "^1.0.3",
        "console-control-strings": "^1.0.0",
        "has-unicode": "^2.0.0",
        "object-assign": "^4.1.0",
        "signal-exit": "^3.0.0",
        "string-width": "^1.0.1",
        "strip-ansi": "^3.0.1",
        "wide-align": "^1.1.0"
      }
    },
    "glob": {
      "version": "7.1.6",
      "resolved": "https://registry.npmjs.org/glob/-/glob-7.1.6.tgz",
      "integrity": "sha512-LwaxwyZ72Lk7vZINtNNrywX0ZuLyStrdDtabefZKAY5ZGJhVtgdznluResxNmPitE0SAO+O26sWTHeKSI2wMBA==",
      "requires": {
        "fs.realpath": "^1.0.0",
        "inflight": "^1.0.4",
        "inherits": "2",
        "minimatch": "^3.0.4",
        "once": "^1.3.0",
        "path-is-absolute": "^1.0.0"
      }
    },
    "grpc": {
      "version": "1.24.4",
      "resolved": "https://registry.npmjs.org/grpc/-/grpc-1.24.4.tgz",
      "integrity": "sha512-mHRAwuitCMuSHo1tp1+Zc0sz3cYa7pkhVJ77pkIXD5gcVORtkRiyW6msXYqTDT+35jazg98lbO3XzuTo2+XrcA==",
      "requires": {
        "@types/bytebuffer": "^5.0.40",
        "lodash.camelcase": "^4.3.0",
        "lodash.clone": "^4.5.0",
        "nan": "^2.13.2",
        "node-pre-gyp": "^0.16.0",
        "protobufjs": "^5.0.3"
      },
      "dependencies": {
        "protobufjs": {
          "version": "5.0.3",
          "resolved": "https://registry.npmjs.org/protobufjs/-/protobufjs-5.0.3.tgz",
          "integrity": "sha512-55Kcx1MhPZX0zTbVosMQEO5R6/rikNXd9b6RQK4KSPcrSIIwoXTtebIczUrXlwaSrbz4x8XUVThGPob1n8I4QA==",
          "requires": {
            "ascli": "~1",
            "bytebuffer": "~5",
            "glob": "^7.0.5",
            "yargs": "^3.10.0"
          }
        }
      }
    },
    "has-unicode": {
      "version": "2.0.1",
      "resolved": "https://registry.npmjs.org/has-unicode/-/has-unicode-2.0.1.tgz",
      "integrity": "sha1-4Ob+aijPUROIVeCG0Wkedx3iqLk="
    },
    "iconv-lite": {
      "version": "0.4.24",
      "resolved": "https://registry.npmjs.org/iconv-lite/-/iconv-lite-0.4.24.tgz",
      "integrity": "sha512-v3MXnZAcvnywkTUEZomIActle7RXXeedOR31wwl7VlyoXO4Qi9arvSenNQWne1TcRwhCL1HwLI21bEqdpj8/rA==",
      "requires": {
        "safer-buffer": ">= 2.1.2 < 3"
      }
    },
    "ignore-walk": {
      "version": "3.0.3",
      "resolved": "https://registry.npmjs.org/ignore-walk/-/ignore-walk-3.0.3.tgz",
      "integrity": "sha512-m7o6xuOaT1aqheYHKf8W6J5pYH85ZI9w077erOzLje3JsB1gkafkAhHHY19dqjulgIZHFm32Cp5uNZgcQqdJKw==",
      "requires": {
        "minimatch": "^3.0.4"
      }
    },
    "inflight": {
      "version": "1.0.6",
      "resolved": "https://registry.npmjs.org/inflight/-/inflight-1.0.6.tgz",
      "integrity": "sha1-Sb1jMdfQLQwJvJEKEHW6gWW1bfk=",
      "requires": {
        "once": "^1.3.0",
        "wrappy": "1"
      }
    },
    "inherits": {
      "version": "2.0.4",
      "resolved": "https://registry.npmjs.org/inherits/-/inherits-2.0.4.tgz",
      "integrity": "sha512-k/vGaX4/Yla3WzyMCvTQOXYeIHvqOKtnqBduzTHpzpQZzAskKMhZ2K+EnBiSM9zGSoIFeMpXKxa4dYeZIQqewQ=="
    },
    "ini": {
      "version": "1.3.8",
      "resolved": "https://registry.npmjs.org/ini/-/ini-1.3.8.tgz",
      "integrity": "sha512-JV/yugV2uzW5iMRSiZAyDtQd+nxtUnjeLt0acNdw98kKLrvuRVyB80tsREOE7yvGVgalhZ6RNXCmEHkUKBKxew=="
    },
    "invert-kv": {
      "version": "1.0.0",
      "resolved": "https://registry.npmjs.org/invert-kv/-/invert-kv-1.0.0.tgz",
      "integrity": "sha1-EEqOSqym09jNFXqO+L+rLXo//bY="
    },
    "is-fullwidth-code-point": {
      "version": "1.0.0",
      "resolved": "https://registry.npmjs.org/is-fullwidth-code-point/-/is-fullwidth-code-point-1.0.0.tgz",
      "integrity": "sha1-754xOG8DGn8NZDr4L95QxFfvAMs=",
      "requires": {
        "number-is-nan": "^1.0.0"
      }
    },
    "isarray": {
      "version": "1.0.0",
      "resolved": "https://registry.npmjs.org/isarray/-/isarray-1.0.0.tgz",
      "integrity": "sha1-u5NdSFgsuhaMBoNJV6VKPgcSTxE="
    },
    "lcid": {
      "version": "1.0.0",
      "resolved": "https://registry.npmjs.org/lcid/-/lcid-1.0.0.tgz",
      "integrity": "sha1-MIrMr6C8SDo4Z7S28rlQYlHRuDU=",
      "requires": {
        "invert-kv": "^1.0.0"
      }
    },
    "lodash.camelcase": {
      "version": "4.3.0",
      "resolved": "https://registry.npmjs.org/lodash.camelcase/-/lodash.camelcase-4.3.0.tgz",
      "integrity": "sha1-soqmKIorn8ZRA1x3EfZathkDMaY="
    },
    "lodash.clone": {
      "version": "4.5.0",
      "resolved": "https://registry.npmjs.org/lodash.clone/-/lodash.clone-4.5.0.tgz",
      "integrity": "sha1-GVhwRQ9aExkkeN9Lw9I9LeoZB7Y="
    },
    "long": {
      "version": "4.0.0",
      "resolved": "https://registry.npmjs.org/long/-/long-4.0.0.tgz",
      "integrity": "sha512-XsP+KhQif4bjX1kbuSiySJFNAehNxgLb6hPRGJ9QsUr8ajHkuXGdrHmFUTUUXhDwVX2R5bY4JNZEwbUiMhV+MA=="
    },
    "minimatch": {
      "version": "3.0.4",
      "resolved": "https://registry.npmjs.org/minimatch/-/minimatch-3.0.4.tgz",
      "integrity": "sha512-yJHVQEhyqPLUTgt9B83PXu6W3rx4MvvHvSUvToogpwoGDOUQ+yDrR0HRot+yOCdCO7u4hX3pWft6kWBBcqh0UA==",
      "requires": {
        "brace-expansion": "^1.1.7"
      }
    },
    "minimist": {
      "version": "1.2.5",
      "resolved": "https://registry.npmjs.org/minimist/-/minimist-1.2.5.tgz",
      "integrity": "sha512-FM9nNUYrRBAELZQT3xeZQ7fmMOBg6nWNmJKTcgsJeaLstP/UODVpGsr5OhXhhXg6f+qtJ8uiZ+PUxkDWcgIXLw=="
    },
    "minipass": {
      "version": "2.9.0",
      "resolved": "https://registry.npmjs.org/minipass/-/minipass-2.9.0.tgz",
      "integrity": "sha512-wxfUjg9WebH+CUDX/CdbRlh5SmfZiy/hpkxaRI16Y9W56Pa75sWgd/rvFilSgrauD9NyFymP/+JFV3KwzIsJeg==",
      "requires": {
        "safe-buffer": "^5.1.2",
        "yallist": "^3.0.0"
      }
    },
    "minizlib": {
      "version": "1.3.3",
      "resolved": "https://registry.npmjs.org/minizlib/-/minizlib-1.3.3.tgz",
      "integrity": "sha512-6ZYMOEnmVsdCeTJVE0W9ZD+pVnE8h9Hma/iOwwRDsdQoePpoX56/8B6z3P9VNwppJuBKNRuFDRNRqRWexT9G9Q==",
      "requires": {
        "minipass": "^2.9.0"
      }
    },
    "mkdirp": {
      "version": "0.5.5",
      "resolved": "https://registry.npmjs.org/mkdirp/-/mkdirp-0.5.5.tgz",
      "integrity": "sha512-NKmAlESf6jMGym1++R0Ra7wvhV+wFW63FaSOFPwRahvea0gMUcGUhVeAg/0BC0wiv9ih5NYPB1Wn1UEI1/L+xQ==",
      "requires": {
        "minimist": "^1.2.5"
      }
    },
    "ms": {
      "version": "2.1.3",
      "resolved": "https://registry.npmjs.org/ms/-/ms-2.1.3.tgz",
      "integrity": "sha512-6FlzubTLZG3J2a/NVCAleEhjzq5oxgHyaCU9yYXvcLsvoVaHJq/s5xXI6/XXP6tz7R9xAOtHnSO/tXtF3WRTlA=="
    },
    "nan": {
      "version": "2.14.2",
      "resolved": "https://registry.npmjs.org/nan/-/nan-2.14.2.tgz",
      "integrity": "sha512-M2ufzIiINKCuDfBSAUr1vWQ+vuVcA9kqx8JJUsbQi6yf1uGRyb7HfpdfUr5qLXf3B/t8dPvcjhKMmlfnP47EzQ=="
    },
    "needle": {
      "version": "2.5.2",
      "resolved": "https://registry.npmjs.org/needle/-/needle-2.5.2.tgz",
      "integrity": "sha512-LbRIwS9BfkPvNwNHlsA41Q29kL2L/6VaOJ0qisM5lLWsTV3nP15abO5ITL6L81zqFhzjRKDAYjpcBcwM0AVvLQ==",
      "requires": {
        "debug": "^3.2.6",
        "iconv-lite": "^0.4.4",
        "sax": "^1.2.4"
      }
    },
    "node-pre-gyp": {
      "version": "0.16.0",
      "resolved": "https://registry.npmjs.org/node-pre-gyp/-/node-pre-gyp-0.16.0.tgz",
      "integrity": "sha512-4efGA+X/YXAHLi1hN8KaPrILULaUn2nWecFrn1k2I+99HpoyvcOGEbtcOxpDiUwPF2ZANMJDh32qwOUPenuR1g==",
      "requires": {
        "detect-libc": "^1.0.2",
        "mkdirp": "^0.5.3",
        "needle": "^2.5.0",
        "nopt": "^4.0.1",
        "npm-packlist": "^1.1.6",
        "npmlog": "^4.0.2",
        "rc": "^1.2.7",
        "rimraf": "^2.6.1",
        "semver": "^5.3.0",
        "tar": "^4.4.2"
      }
    },
    "nopt": {
      "version": "4.0.3",
      "resolved": "https://registry.npmjs.org/nopt/-/nopt-4.0.3.tgz",
      "integrity": "sha512-CvaGwVMztSMJLOeXPrez7fyfObdZqNUK1cPAEzLHrTybIua9pMdmmPR5YwtfNftIOMv3DPUhFaxsZMNTQO20Kg==",
      "requires": {
        "abbrev": "1",
        "osenv": "^0.1.4"
      }
    },
    "npm-bundled": {
      "version": "1.1.1",
      "resolved": "https://registry.npmjs.org/npm-bundled/-/npm-bundled-1.1.1.tgz",
      "integrity": "sha512-gqkfgGePhTpAEgUsGEgcq1rqPXA+tv/aVBlgEzfXwA1yiUJF7xtEt3CtVwOjNYQOVknDk0F20w58Fnm3EtG0fA==",
      "requires": {
        "npm-normalize-package-bin": "^1.0.1"
      }
    },
    "npm-normalize-package-bin": {
      "version": "1.0.1",
      "resolved": "https://registry.npmjs.org/npm-normalize-package-bin/-/npm-normalize-package-bin-1.0.1.tgz",
      "integrity": "sha512-EPfafl6JL5/rU+ot6P3gRSCpPDW5VmIzX959Ob1+ySFUuuYHWHekXpwdUZcKP5C+DS4GEtdJluwBjnsNDl+fSA=="
    },
    "npm-packlist": {
      "version": "1.4.8",
      "resolved": "https://registry.npmjs.org/npm-packlist/-/npm-packlist-1.4.8.tgz",
      "integrity": "sha512-5+AZgwru5IevF5ZdnFglB5wNlHG1AOOuw28WhUq8/8emhBmLv6jX5by4WJCh7lW0uSYZYS6DXqIsyZVIXRZU9A==",
      "requires": {
        "ignore-walk": "^3.0.1",
        "npm-bundled": "^1.0.1",
        "npm-normalize-package-bin": "^1.0.1"
      }
    },
    "npmlog": {
      "version": "4.1.2",
      "resolved": "https://registry.npmjs.org/npmlog/-/npmlog-4.1.2.tgz",
      "integrity": "sha512-2uUqazuKlTaSI/dC8AzicUck7+IrEaOnN/e0jd3Xtt1KcGpwx30v50mL7oPyr/h9bL3E4aZccVwpwP+5W9Vjkg==",
      "requires": {
        "are-we-there-yet": "~1.1.2",
        "console-control-strings": "~1.1.0",
        "gauge": "~2.7.3",
        "set-blocking": "~2.0.0"
      }
    },
    "number-is-nan": {
      "version": "1.0.1",
      "resolved": "https://registry.npmjs.org/number-is-nan/-/number-is-nan-1.0.1.tgz",
      "integrity": "sha1-CXtgK1NCKlIsGvuHkDGDNpQaAR0="
    },
    "object-assign": {
      "version": "4.1.1",
      "resolved": "https://registry.npmjs.org/object-assign/-/object-assign-4.1.1.tgz",
      "integrity": "sha1-IQmtx5ZYh8/AXLvUQsrIv7s2CGM="
    },
    "once": {
      "version": "1.4.0",
      "resolved": "https://registry.npmjs.org/once/-/once-1.4.0.tgz",
      "integrity": "sha1-WDsap3WWHUsROsF9nFC6753Xa9E=",
      "requires": {
        "wrappy": "1"
      }
    },
    "optjs": {
      "version": "3.2.2",
      "resolved": "https://registry.npmjs.org/optjs/-/optjs-3.2.2.tgz",
      "integrity": "sha1-aabOicRCpEQDFBrS+bNwvVu29O4="
    },
    "os-homedir": {
      "version": "1.0.2",
      "resolved": "https://registry.npmjs.org/os-homedir/-/os-homedir-1.0.2.tgz",
      "integrity": "sha1-/7xJiDNuDoM94MFox+8VISGqf7M="
    },
    "os-locale": {
      "version": "1.4.0",
      "resolved": "https://registry.npmjs.org/os-locale/-/os-locale-1.4.0.tgz",
      "integrity": "sha1-IPnxeuKe00XoveWDsT0gCYA8FNk=",
      "requires": {
        "lcid": "^1.0.0"
      }
    },
    "os-tmpdir": {
      "version": "1.0.2",
      "resolved": "https://registry.npmjs.org/os-tmpdir/-/os-tmpdir-1.0.2.tgz",
      "integrity": "sha1-u+Z0BseaqFxc/sdm/lc0VV36EnQ="
    },
    "osenv": {
      "version": "0.1.5",
      "resolved": "https://registry.npmjs.org/osenv/-/osenv-0.1.5.tgz",
      "integrity": "sha512-0CWcCECdMVc2Rw3U5w9ZjqX6ga6ubk1xDVKxtBQPK7wis/0F2r9T6k4ydGYhecl7YUBxBVxhL5oisPsNxAPe2g==",
      "requires": {
        "os-homedir": "^1.0.0",
        "os-tmpdir": "^1.0.0"
      }
    },
    "path-is-absolute": {
      "version": "1.0.1",
      "resolved": "https://registry.npmjs.org/path-is-absolute/-/path-is-absolute-1.0.1.tgz",
      "integrity": "sha1-F0uSaHNVNP+8es5r9TpanhtcX18="
    },
    "process-nextick-args": {
      "version": "2.0.1",
      "resolved": "https://registry.npmjs.org/process-nextick-args/-/process-nextick-args-2.0.1.tgz",
      "integrity": "sha512-3ouUOpQhtgrbOa17J7+uxOTpITYWaGP7/AhoR3+A+/1e9skrzelGi/dXzEYyvbxubEF6Wn2ypscTKiKJFFn1ag=="
    },
    "protobufjs": {
      "version": "6.10.2",
      "resolved": "https://registry.npmjs.org/protobufjs/-/protobufjs-6.10.2.tgz",
      "integrity": "sha512-27yj+04uF6ya9l+qfpH187aqEzfCF4+Uit0I9ZBQVqK09hk/SQzKa2MUqUpXaVa7LOFRg1TSSr3lVxGOk6c0SQ==",
      "requires": {
        "@protobufjs/aspromise": "^1.1.2",
        "@protobufjs/base64": "^1.1.2",
        "@protobufjs/codegen": "^2.0.4",
        "@protobufjs/eventemitter": "^1.1.0",
        "@protobufjs/fetch": "^1.1.0",
        "@protobufjs/float": "^1.0.2",
        "@protobufjs/inquire": "^1.1.0",
        "@protobufjs/path": "^1.1.2",
        "@protobufjs/pool": "^1.1.0",
        "@protobufjs/utf8": "^1.1.0",
        "@types/long": "^4.0.1",
        "@types/node": "^13.7.0",
        "long": "^4.0.0"
      }
    },
    "rc": {
      "version": "1.2.8",
      "resolved": "https://registry.npmjs.org/rc/-/rc-1.2.8.tgz",
      "integrity": "sha512-y3bGgqKj3QBdxLbLkomlohkvsA8gdAiUQlSBJnBhfn+BPxg4bc62d8TcBW15wavDfgexCgccckhcZvywyQYPOw==",
      "requires": {
        "deep-extend": "^0.6.0",
        "ini": "~1.3.0",
        "minimist": "^1.2.0",
        "strip-json-comments": "~2.0.1"
      }
    },
    "readable-stream": {
      "version": "2.3.7",
      "resolved": "https://registry.npmjs.org/readable-stream/-/readable-stream-2.3.7.tgz",
      "integrity": "sha512-Ebho8K4jIbHAxnuxi7o42OrZgF/ZTNcsZj6nRKyUmkhLFq8CHItp/fy6hQZuZmP/n3yZ9VBUbp4zz/mX8hmYPw==",
      "requires": {
        "core-util-is": "~1.0.0",
        "inherits": "~2.0.3",
        "isarray": "~1.0.0",
        "process-nextick-args": "~2.0.0",
        "safe-buffer": "~5.1.1",
        "string_decoder": "~1.1.1",
        "util-deprecate": "~1.0.1"
      }
    },
    "rimraf": {
      "version": "2.7.1",
      "resolved": "https://registry.npmjs.org/rimraf/-/rimraf-2.7.1.tgz",
      "integrity": "sha512-uWjbaKIK3T1OSVptzX7Nl6PvQ3qAGtKEtVRjRuazjfL3Bx5eI409VZSqgND+4UNnmzLVdPj9FqFJNPqBZFve4w==",
      "requires": {
        "glob": "^7.1.3"
      }
    },
    "safe-buffer": {
      "version": "5.1.2",
      "resolved": "https://registry.npmjs.org/safe-buffer/-/safe-buffer-5.1.2.tgz",
      "integrity": "sha512-Gd2UZBJDkXlY7GbJxfsE8/nvKkUEU1G38c1siN6QP6a9PT9MmHB8GnpscSmMJSoF8LOIrt8ud/wPtojys4G6+g=="
    },
    "safer-buffer": {
      "version": "2.1.2",
      "resolved": "https://registry.npmjs.org/safer-buffer/-/safer-buffer-2.1.2.tgz",
      "integrity": "sha512-YZo3K82SD7Riyi0E1EQPojLz7kpepnSQI9IyPbHHg1XXXevb5dJI7tpyN2ADxGcQbHG7vcyRHk0cbwqcQriUtg=="
    },
    "sax": {
      "version": "1.2.4",
      "resolved": "https://registry.npmjs.org/sax/-/sax-1.2.4.tgz",
      "integrity": "sha512-NqVDv9TpANUjFm0N8uM5GxL36UgKi9/atZw+x7YFnQ8ckwFGKrl4xX4yWtrey3UJm5nP1kUbnYgLopqWNSRhWw=="
    },
    "semver": {
      "version": "5.7.1",
      "resolved": "https://registry.npmjs.org/semver/-/semver-5.7.1.tgz",
      "integrity": "sha512-sauaDf/PZdVgrLTNYHRtpXa1iRiKcaebiKQ1BJdpQlWH2lCvexQdX55snPFyK7QzpudqbCI0qXFfOasHdyNDGQ=="
    },
    "set-blocking": {
      "version": "2.0.0",
      "resolved": "https://registry.npmjs.org/set-blocking/-/set-blocking-2.0.0.tgz",
      "integrity": "sha1-BF+XgtARrppoA93TgrJDkrPYkPc="
    },
    "signal-exit": {
      "version": "3.0.3",
      "resolved": "https://registry.npmjs.org/signal-exit/-/signal-exit-3.0.3.tgz",
      "integrity": "sha512-VUJ49FC8U1OxwZLxIbTTrDvLnf/6TDgxZcK8wxR8zs13xpx7xbG60ndBlhNrFi2EMuFRoeDoJO7wthSLq42EjA=="
    },
    "string-width": {
      "version": "1.0.2",
      "resolved": "https://registry.npmjs.org/string-width/-/string-width-1.0.2.tgz",
      "integrity": "sha1-EYvfW4zcUaKn5w0hHgfisLmxB9M=",
      "requires": {
        "code-point-at": "^1.0.0",
        "is-fullwidth-code-point": "^1.0.0",
        "strip-ansi": "^3.0.0"
      }
    },
    "string_decoder": {
      "version": "1.1.1",
      "resolved": "https://registry.npmjs.org/string_decoder/-/string_decoder-1.1.1.tgz",
      "integrity": "sha512-n/ShnvDi6FHbbVfviro+WojiFzv+s8MPMHBczVePfUpDJLwoLT0ht1l4YwBCbi8pJAveEEdnkHyPyTP/mzRfwg==",
      "requires": {
        "safe-buffer": "~5.1.0"
      }
    },
    "strip-ansi": {
      "version": "3.0.1",
      "resolved": "https://registry.npmjs.org/strip-ansi/-/strip-ansi-3.0.1.tgz",
      "integrity": "sha1-ajhfuIU9lS1f8F0Oiq+UJ43GPc8=",
      "requires": {
        "ansi-regex": "^2.0.0"
      }
    },
    "strip-json-comments": {
      "version": "2.0.1",
      "resolved": "https://registry.npmjs.org/strip-json-comments/-/strip-json-comments-2.0.1.tgz",
      "integrity": "sha1-PFMZQukIwml8DsNEhYwobHygpgo="
    },
    "tar": {
      "version": "4.4.13",
      "resolved": "https://registry.npmjs.org/tar/-/tar-4.4.13.tgz",
      "integrity": "sha512-w2VwSrBoHa5BsSyH+KxEqeQBAllHhccyMFVHtGtdMpF4W7IRWfZjFiQceJPChOeTsSDVUpER2T8FA93pr0L+QA==",
      "requires": {
        "chownr": "^1.1.1",
        "fs-minipass": "^1.2.5",
        "minipass": "^2.8.6",
        "minizlib": "^1.2.1",
        "mkdirp": "^0.5.0",
        "safe-buffer": "^5.1.2",
        "yallist": "^3.0.3"
      }
    },
    "util-deprecate": {
      "version": "1.0.2",
      "resolved": "https://registry.npmjs.org/util-deprecate/-/util-deprecate-1.0.2.tgz",
      "integrity": "sha1-RQ1Nyfpw3nMnYvvS1KKJgUGaDM8="
    },
    "wide-align": {
      "version": "1.1.3",
      "resolved": "https://registry.npmjs.org/wide-align/-/wide-align-1.1.3.tgz",
      "integrity": "sha512-QGkOQc8XL6Bt5PwnsExKBPuMKBxnGxWWW3fU55Xt4feHozMUhdUMaBCk290qpm/wG5u/RSKzwdAC4i51YigihA==",
      "requires": {
        "string-width": "^1.0.2 || 2"
      }
    },
    "window-size": {
      "version": "0.1.4",
      "resolved": "https://registry.npmjs.org/window-size/-/window-size-0.1.4.tgz",
      "integrity": "sha1-+OGqHuWlPsW/FR/6CXQqatdpeHY="
    },
    "wrap-ansi": {
      "version": "2.1.0",
      "resolved": "https://registry.npmjs.org/wrap-ansi/-/wrap-ansi-2.1.0.tgz",
      "integrity": "sha1-2Pw9KE3QV5T+hJc8rs3Rz4JP3YU=",
      "requires": {
        "string-width": "^1.0.1",
        "strip-ansi": "^3.0.1"
      }
    },
    "wrappy": {
      "version": "1.0.2",
      "resolved": "https://registry.npmjs.org/wrappy/-/wrappy-1.0.2.tgz",
      "integrity": "sha1-tSQ9jz7BqjXxNkYFvA0QNuMKtp8="
    },
    "y18n": {
      "version": "3.2.1",
      "resolved": "https://registry.npmjs.org/y18n/-/y18n-3.2.1.tgz",
      "integrity": "sha1-bRX7qITAhnnA136I53WegR4H+kE="
    },
    "yallist": {
      "version": "3.1.1",
      "resolved": "https://registry.npmjs.org/yallist/-/yallist-3.1.1.tgz",
      "integrity": "sha512-a4UGQaWPH59mOXUYnAG2ewncQS4i4F43Tv3JoAM+s2VDAmS9NsK8GpDMLrCHPksFT7h3K6TOoUNn2pb7RoXx4g=="
    },
    "yargs": {
      "version": "3.32.0",
      "resolved": "https://registry.npmjs.org/yargs/-/yargs-3.32.0.tgz",
      "integrity": "sha1-AwiOnr+edWtpdRYR0qXvWRSCyZU=",
      "requires": {
        "camelcase": "^2.0.1",
        "cliui": "^3.0.3",
        "decamelize": "^1.1.1",
        "os-locale": "^1.4.0",
        "string-width": "^1.0.1",
        "window-size": "^0.1.4",
        "y18n": "^3.2.0"
      }
    }
  }
}
